,shortName,playerName,team,position,averageCushion,averageSeparation,averageTargetedAirYards,shareOfTeamAirYards,receptions,targets,catchPercentage,receivingYards,receivingTouchdowns,avgYAC,expectedAvgYAC,avgYACAboveExpectation,season,seasonType,week,gameId
0,D.Moore,D.J. Moore,CAR,WR,9.3,3.2,10.8,46.01,7,10,70,76,0,1.8,2.7,-1,2019,REG,1,2019090800
1,P.Richardson,Paul Richardson,WAS,WR,8.6,2.6,11.5,25.42,4,7,57.14,36,0,1.1,2.2,-1.1,2019,REG,1,2019090806
2,S.Shepard,Sterling Shepard,NYG,WR,8.6,5.4,2.7,7.59,6,7,85.71,42,0,5.6,7.1,-1.5,2019,REG,1,2019090810
3,R.Woods,Robert Woods,LA,WR,8.5,4.3,7,34.85,8,13,61.54,70,0,6.3,6.7,-0.3,2019,REG,1,2019090800
4,C.Kupp,Cooper Kupp,LA,WR,8.2,4,4.5,17.33,7,10,70,46,0,3.4,4,-0.6,2019,REG,1,2019090800
5,T.Hockenson,T.J. Hockenson,DET,TE,8.1,3,17.2,31.67,6,9,66.67,131,1,9.1,9.3,-0.3,2019,REG,1,2019090809
6,C.Godwin,Chris Godwin,TB,WR,8.1,1.2,10.6,21.47,3,6,50,53,1,7.1,1.5,5.6,2019,REG,1,2019090811
7,T.McLaurin,Terry McLaurin,WAS,WR,8,3.4,19.4,42.85,5,7,71.43,125,1,8.1,6.6,1.5,2019,REG,1,2019090806
8,R.Switzer,Ryan Switzer,PIT,WR,8,3.6,1.9,2.48,6,6,100,29,0,3,2.9,0,2019,REG,1,2019090812
9,N.Agholor,Nelson Agholor,PHI,WR,7.9,3,13.2,19.71,2,5,40,11,0,5.6,7.2,-1.6,2019,REG,1,2019090806
10,T.Ginn,Ted Ginn,NO,WR,7.8,2.8,12.5,29.97,7,7,100,101,0,1.9,2.3,-0.4,2019,REG,1,2019090900
11,P.Williams,Preston Williams,MIA,WR,7.8,2.5,16.1,17.11,3,5,60,24,1,0.1,1,-0.9,2019,REG,1,2019090803
12,Z.Ertz,Zach Ertz,PHI,TE,7.6,2,5.6,11.67,5,7,71.43,54,0,4,1.4,2.6,2019,REG,1,2019090806
13,D.Jackson,DeSean Jackson,PHI,WR,7.6,3.8,15.4,41.32,8,9,88.89,154,2,2.3,3.5,-1.2,2019,REG,1,2019090806
14,T.Higbee,Tyler Higbee,LA,TE,7.5,4.3,5.3,10.29,4,5,80,20,1,4.3,9,-4.7,2019,REG,1,2019090800
15,O.Howard,O.J. Howard,TB,TE,7.5,2.7,5.1,8.62,4,5,80,32,0,2.6,3.1,-0.5,2019,REG,1,2019090811
16,D.Adams,Davante Adams,GB,WR,7.3,2.8,7.5,24.28,4,8,50,36,0,4.9,3.9,1,2019,REG,1,2019090500
17,R.Cobb,Randall Cobb,DAL,WR,7.3,4.4,5.9,10.52,4,5,80,69,1,11.1,5.1,6,2019,REG,1,2019090810
18,J.Ross,John Ross,CIN,WR,7.2,4.4,13.6,48.02,7,12,58.33,158,2,9,6.1,3,2019,REG,1,2019090808
19,C.Beasley,Cole Beasley,BUF,WR,7,4,6.1,19.53,5,9,55.56,40,0,4.4,5.7,-1.3,2019,REG,1,2019090805
20,J.Crowder,Jamison Crowder,NYJ,WR,7,4,3,22.44,14,17,82.35,99,0,5,5.3,-0.3,2019,REG,1,2019090805
21,J.Hardy,Justin Hardy,ATL,WR,7,3.1,6,8.4,4,5,80,41,0,4.3,7.9,-3.6,2019,REG,1,2019090804
22,E.Engram,Evan Engram,NYG,TE,6.9,3.4,5.1,29,11,14,78.57,116,1,5.7,7.5,-1.8,2019,REG,1,2019090810
23,T.Williams,Tyrell Williams,OAK,WR,6.9,2.2,17.2,60.6,6,7,85.71,105,1,5.2,4.6,0.6,2019,REG,1,2019090901
24,M.Gallup,Michael Gallup,DAL,WR,6.9,1.9,10.5,26.46,7,7,100,158,0,12,6.3,5.8,2019,REG,1,2019090810
25,D.Willis,Damion Willis,CIN,WR,6.8,2.5,10.1,14.83,3,5,60,30,0,1.6,3,-1.4,2019,REG,1,2019090808
26,T.Hilton,T.Y. Hilton,IND,WR,6.8,3.8,7.5,41.27,8,9,88.89,87,2,5.2,4.9,0.3,2019,REG,1,2019090807
27,O.Beckham,Odell Beckham,CLE,WR,6.7,3.2,10.5,34.69,7,11,63.64,71,0,2.1,3.2,-1,2019,REG,1,2019090801
28,A.Cooper,Amari Cooper,DAL,WR,6.6,3,12.1,38.95,6,9,66.67,106,1,3.1,3.2,-0.2,2019,REG,1,2019090810
29,C.Ridley,Calvin Ridley,ATL,WR,6.5,2.6,13.3,22.18,4,6,66.67,64,1,3.4,3.3,0.2,2019,REG,1,2019090804
30,D.Walker,Delanie Walker,TEN,TE,6.5,2.9,4.7,18.75,5,6,83.33,55,2,4.7,5.2,-0.5,2019,REG,1,2019090801
31,E.Sanders,Emmanuel Sanders,DEN,WR,6.5,2,12.9,39.63,5,7,71.43,86,1,6.6,5.8,0.8,2019,REG,1,2019090901
32,A.Hooper,Austin Hooper,ATL,TE,6.5,4.6,5,12.65,9,9,100,77,0,3.5,4.4,-0.8,2019,REG,1,2019090804
33,M.Thomas,Michael Thomas,NO,WR,6.4,2.2,9.6,42.65,10,13,76.92,123,0,2.6,1.7,0.9,2019,REG,1,2019090900
34,J.Jones,Julio Jones,ATL,WR,6.3,2.2,9.2,28.27,6,11,54.55,31,1,2.3,2,0.2,2019,REG,1,2019090804
35,M.Valdes-Scantling,Marquez Valdes-Scantling,GB,WR,6.3,2.5,12.9,31.44,4,6,66.67,52,0,0.6,3.6,-3,2019,REG,1,2019090500
36,V.Davis,Vernon Davis,WAS,TE,6.3,3.8,3.4,7.59,4,7,57.14,59,1,13.6,5.1,8.5,2019,REG,1,2019090806
37,C.Sutton,Courtland Sutton,DEN,WR,6.3,3,10.9,38.24,7,8,87.5,120,0,7,7.4,-0.4,2019,REG,1,2019090901
38,D.Byrd,Damiere Byrd,ARI,WR,6.3,1.8,10.6,13.51,4,7,57.14,42,0,2,2,0,2019,REG,1,2019090809
39,D.Amendola,Danny Amendola,DET,WR,6.3,4.6,9.5,25.21,7,13,53.85,104,1,6.1,5.7,0.5,2019,REG,1,2019090809
40,D.Westbrook,Dede Westbrook,JAX,WR,6.3,3.7,1.1,3.19,5,6,83.33,30,1,3.5,4.7,-1.2,2019,REG,1,2019090802
41,T.Kelce,Travis Kelce,KC,TE,6.2,2.7,10.2,43.19,3,8,37.5,88,0,14.5,8.6,5.9,2019,REG,1,2019090802
42,D.Hopkins,DeAndre Hopkins,HOU,WR,6.2,2.3,12.8,55.72,8,13,61.54,111,2,3.8,4.4,-0.5,2019,REG,1,2019090900
43,T.Boyd,Tyler Boyd,CIN,WR,6.1,2.6,6.7,23.6,8,12,66.67,60,0,1.3,3.6,-2.3,2019,REG,1,2019090808
44,T.Gabriel,Taylor Gabriel,CHI,WR,6,3.7,10.3,14.16,2,5,40,24,0,5.6,7.8,-2.2,2019,REG,1,2019090500
45,A.Robinson,Allen Robinson,CHI,WR,6,1.5,11.7,41.96,7,13,53.85,102,0,4,3.9,0.1,2019,REG,1,2019090500
46,G.Kittle,George Kittle,SF,TE,5.8,3.5,3.9,27.72,8,10,80,54,0,6.3,6.7,-0.4,2019,REG,1,2019090811
47,B.Fowler,Bennie Fowler,NYG,WR,5.8,4.7,5.4,10.94,5,5,100,40,0,2.7,4,-1.3,2019,REG,1,2019090810
48,L.Fitzgerald,Larry Fitzgerald,ARI,WR,5.7,1.6,11.7,27.9,8,13,61.54,113,1,2.3,4.2,-1.9,2019,REG,1,2019090809
49,K.Golladay,Kenny Golladay,DET,WR,5.6,2.2,16.5,30.52,4,9,44.44,42,1,2.9,2.6,0.3,2019,REG,1,2019090809
50,B.Perriman,Breshad Perriman,TB,WR,5.6,2.2,12.9,21.82,2,5,40,10,0,-0.4,2.2,-2.6,2019,REG,1,2019090811
51,G.Olsen,Greg Olsen,CAR,TE,5.6,3.8,6.8,26.01,4,9,44.44,36,0,5.1,6.6,-1.6,2019,REG,1,2019090800
52,T.Quinn,Trey Quinn,WAS,WR,5.5,3.2,5.4,10.18,4,6,66.67,33,1,4.2,4.2,0,2019,REG,1,2019090806
53,D.Parker,DeVante Parker,MIA,WR,5.3,0.8,23.4,34.85,3,7,42.86,75,0,0.3,2,-1.8,2019,REG,1,2019090803
54,M.Brown,Marquise Brown,BAL,WR,5.3,2,18.4,34.79,4,5,80,147,2,23.5,12.2,11.3,2019,REG,1,2019090803
55,T.Eifert,Tyler Eifert,CIN,TE,5.2,1.8,4.5,6.59,5,5,100,27,0,0.9,2.8,-1.9,2019,REG,1,2019090808
56,J.Graham,Jimmy Graham,GB,TE,5.2,3.2,12.8,25.99,3,5,60,30,1,5.4,4.6,0.8,2019,REG,1,2019090500
57,K.Allen,Keenan Allen,LAC,WR,5.2,3,10.9,46.17,8,10,80,123,1,4.1,4.6,-0.5,2019,REG,1,2019090807
58,J.Landry,Jarvis Landry,CLE,WR,5,2.9,12,25.23,4,7,57.14,67,0,6.2,4.6,1.6,2019,REG,1,2019090801
59,M.Evans,Mike Evans,TB,WR,5,1.7,22.7,38.23,2,5,40,28,0,0.6,1.2,-0.6,2019,REG,1,2019090811
60,D.Johnson,Diontae Johnson,PIT,WR,4.9,3.3,7.3,8.02,3,5,60,25,0,7.9,5.7,2.2,2019,REG,1,2019090812
61,M.Andrews,Mark Andrews,BAL,TE,4.8,3.1,9.2,27.73,8,8,100,108,1,4.3,3.6,0.6,2019,REG,1,2019090803
62,J.Edelman,Julian Edelman,NE,WR,4.7,2.5,8.1,32.36,6,11,54.55,83,0,6.6,6.6,0,2019,REG,1,2019090812
63,J.Washington,James Washington,PIT,WR,4.6,2.2,26.8,35.55,2,6,33.33,51,0,6.2,8.1,-1.9,2019,REG,1,2019090812
64,M.Gesicki,Mike Gesicki,MIA,TE,4.5,5.6,11.1,14.17,2,6,33.33,31,0,7.4,5.7,1.6,2019,REG,1,2019090803
65,K.Johnson,KeeSean Johnson,ARI,WR,4.4,2.3,12.3,22.51,5,10,50,46,0,0.4,2.5,-2.1,2019,REG,1,2019090809
66,S.Watkins,Sammy Watkins,KC,WR,4.4,3.4,9.1,53.43,9,11,81.82,198,3,14.9,5.9,9.1,2019,REG,1,2019090802
67,H.Henry,Hunter Henry,LAC,TE,4.2,2.5,13.2,28.05,4,5,80,60,0,2.6,3,-0.3,2019,REG,1,2019090807
68,D.Waller,Darren Waller,OAK,TE,4.2,2.6,6.3,25.32,7,8,87.5,70,0,5,5.6,-0.5,2019,REG,1,2019090901
69,D.Moncrief,Donte Moncrief,PIT,WR,4.1,1.6,10,22.1,3,10,30,7,0,1.2,3.6,-2.3,2019,REG,1,2019090812
70,C.Uzomah,C.J. Uzomah,CIN,TE,4,4.5,2.1,3.04,4,5,80,66,0,13.1,7.8,5.3,2019,REG,1,2019090808
71,M.Sanu,Mohamed Sanu,ATL,WR,3.8,5.4,7.1,11.95,5,6,83.33,57,0,5.5,6.9,-1.4,2019,REG,1,2019090804
72,J.Brown,John Brown,BUF,WR,3.7,2.2,13.5,48.42,7,10,70,123,1,5.9,6.4,-0.5,2019,REG,1,2019090805
73,C.Kirk,Christian Kirk,ARI,WR,3.5,2.1,12,26.4,4,12,33.33,32,0,2.4,4.5,-2,2019,REG,1,2019090809
74,B.Cooks,Brandin Cooks,LA,WR,3.4,2.5,14.5,33.6,2,6,33.33,39,0,7.6,6.2,1.4,2019,REG,1,2019090800
75,D.Njoku,David Njoku,CLE,TE,3.3,2.9,7.2,12.99,4,6,66.67,37,1,3.7,3,0.7,2019,REG,1,2019090801
76,J.O'Shaughnessy,James O'Shaughnessy,JAX,TE,3.3,3.9,4,9.48,4,5,80,32,0,4.3,4.5,-0.2,2019,REG,1,2019090802
77,J.Smith-Schuster,JuJu Smith-Schuster,PIT,WR,3,2.2,7.9,14,6,8,75,78,0,4.7,3.8,0.9,2019,REG,1,2019090812
78,C.Latimer,Cody Latimer,NYG,WR,2.8,1.9,16,45.69,3,7,42.86,74,0,6.9,5.5,1.4,2019,REG,1,2019090810
79,C.Conley,Chris Conley,JAX,WR,2.7,1.7,12.8,42.42,6,7,85.71,97,1,5,2.5,2.5,2019,REG,1,2019090802
80,R.Anderson,Robby Anderson,NYJ,WR,2.7,2.2,17.3,52.92,3,7,42.86,23,0,-1.3,1.8,-3.1,2019,REG,1,2019090805
81,A.Jeffery,Alshon Jeffery,PHI,WR,2.7,1.9,10.1,21.09,5,7,71.43,49,1,2.3,1.4,0.9,2019,REG,1,2019090806
82,D.Funchess,Devin Funchess,IND,WR,2.7,1.5,10.9,33.33,3,5,60,32,0,1.8,1.1,0.7,2019,REG,1,2019090807
83,D.Metcalf,D.K. Metcalf,SEA,WR,2.3,1.3,16.3,58.91,4,6,66.67,89,0,6.6,6.2,0.4,2019,REG,1,2019090808
84,T.Quinn,Trey Quinn,WAS,WR,8.6,2.3,5.3,15.32,4,7,57.14,36,0,3.4,3.4,-0.1,2019,REG,2,2019091509
85,C.Sutton,Courtland Sutton,DEN,WR,8.4,3.1,12.7,34.97,4,7,57.14,40,0,0.4,1.8,-1.3,2019,REG,2,2019091511
86,A.Hooper,Austin Hooper,ATL,TE,8.3,2.6,4.5,6.74,4,6,66.67,34,0,5.2,8,-2.8,2019,REG,2,2019091513
87,C.Ridley,Calvin Ridley,ATL,WR,8.3,3.8,16.3,40.72,8,10,80,105,1,2.6,6.4,-3.8,2019,REG,2,2019091513
88,A.Cooper,Amari Cooper,DAL,WR,8.2,2.8,8.1,16.39,4,5,80,44,1,3,2.3,0.7,2019,REG,2,2019091509
89,A.Thielen,Adam Thielen,MIN,WR,8.1,3.1,16.3,44.97,5,8,62.5,75,0,1.8,3.3,-1.6,2019,REG,2,2019091503
90,R.Cobb,Randall Cobb,DAL,WR,8.1,3.5,1.5,3.57,5,6,83.33,24,0,4.9,5.5,-0.6,2019,REG,2,2019091509
91,M.Thomas,Michael Thomas,NO,WR,8.1,2.8,7.9,41.93,10,13,76.92,89,0,2.4,2.5,0,2019,REG,2,2019091512
92,J.Heuerman,Jeff Heuerman,DEN,TE,8,3.4,3.2,6.35,4,5,80,21,0,3.5,4.2,-0.7,2019,REG,2,2019091511
93,M.Gallup,Michael Gallup,DAL,WR,8,2.8,14,45.69,6,8,75,68,0,2.3,3.3,-1,2019,REG,2,2019091509
94,Z.Ertz,Zach Ertz,PHI,TE,7.8,1.7,8.4,31.47,8,16,50,72,0,1.9,1.3,0.6,2019,REG,2,2019091513
95,H.Renfrow,Hunter Renfrow,OAK,WR,7.6,3,5.7,20.32,4,8,50,30,0,4.4,5.7,-1.3,2019,REG,2,2019091510
96,T.Boyd,Tyler Boyd,CIN,WR,7.5,3.5,6.7,21.95,10,10,100,122,0,5.5,5.6,0,2019,REG,2,2019091501
97,M.Hardman,Mecole Hardman,KC,WR,7.5,5.7,12.6,14.22,4,6,66.67,61,1,3.9,5.2,-1.3,2019,REG,2,2019091510
98,C.Davis,Corey Davis,TEN,WR,7.5,4.6,9.2,29.48,3,5,60,38,0,5.7,3.3,2.5,2019,REG,2,2019091508
99,C.Godwin,Chris Godwin,TB,WR,7.5,2.8,11.8,36.03,8,9,88.89,121,1,5.9,4.2,1.7,2019,REG,2,2019091200
100,M.Hollins,Mack Hollins,PHI,WR,7.4,3.7,11.4,21.41,5,8,62.5,50,0,3.7,4.3,-0.5,2019,REG,2,2019091513
101,J.Wright,Jarius Wright,CAR,WR,7.2,2.1,11.6,14.29,2,6,33.33,15,0,3.7,6.3,-2.6,2019,REG,2,2019091200
102,T.Eifert,Tyler Eifert,CIN,TE,7.1,3.7,8.8,14.58,3,5,60,9,1,2.4,2.5,-0.1,2019,REG,2,2019091501
103,M.Jones,Marvin Jones,DET,WR,6.9,1.9,14.1,29.16,5,6,83.33,43,0,0.9,3.7,-2.8,2019,REG,2,2019091502
104,D.Westbrook,Dede Westbrook,JAX,WR,6.9,2.1,7.6,17.35,1,5,20,3,0,5.9,11.1,-5.2,2019,REG,2,2019091504
105,D.Chark,D.J. Chark,JAX,WR,6.9,3,8.9,36.48,7,9,77.78,55,1,0.9,3.4,-2.5,2019,REG,2,2019091504
106,T.Lockett,Tyler Lockett,SEA,WR,6.9,2.8,6.6,33.25,10,12,83.33,79,0,3.7,2.8,0.9,2019,REG,2,2019091507
107,J.Jones,Julio Jones,ATL,WR,6.8,2.3,13.1,32.69,5,10,50,106,2,12.3,3.1,9.2,2019,REG,2,2019091513
108,J.Ross,John Ross,CIN,WR,6.6,2.6,7.8,20.54,4,8,50,112,1,22.4,10.3,12.1,2019,REG,2,2019091501
109,M.Evans,Mike Evans,TB,WR,6.6,1.8,14.6,39.5,4,8,50,61,0,3.1,5.9,-2.8,2019,REG,2,2019091200
110,M.Brown,Marquise Brown,BAL,WR,6.6,3.8,10.4,43.01,8,13,61.54,86,0,3.6,4.5,-0.9,2019,REG,2,2019091500
111,B.Fowler,Bennie Fowler,NYG,WR,6.5,2.5,16.5,43.97,5,10,50,51,0,0.6,0.8,-0.2,2019,REG,2,2019091506
112,D.Hamilton,DaeSean Hamilton,DEN,WR,6.4,3.8,7.3,17.38,2,6,33.33,15,0,3.7,5.6,-1.8,2019,REG,2,2019091511
113,M.Andrews,Mark Andrews,BAL,TE,6.4,3.8,9.5,27.2,8,9,88.89,112,1,4.6,3.7,0.9,2019,REG,2,2019091500
114,T.Hilton,T.Y. Hilton,IND,WR,6.3,4.1,12.1,63.49,4,6,66.67,43,1,4.5,7.8,-3.2,2019,REG,2,2019091508
115,J.Smith-Schuster,JuJu Smith-Schuster,PIT,WR,6.3,2.8,15.5,48.02,5,8,62.5,84,0,5.5,6.3,-0.8,2019,REG,2,2019091507
116,C.Conley,Chris Conley,JAX,WR,6.1,3.2,14.7,33.55,4,5,80,73,0,2.9,2.4,0.5,2019,REG,2,2019091504
117,C.Core,Cody Core,NYG,WR,6.1,1.8,6.3,8.46,3,5,60,28,0,1,2,-1,2019,REG,2,2019091506
118,C.Latimer,Cody Latimer,NYG,WR,6.1,1.7,12.7,16.95,3,5,60,30,0,1.8,4.2,-2.4,2019,REG,2,2019091506
119,R.Grant,Ryan Grant,OAK,WR,6,2.5,3.1,6.86,1,5,20,-2,0,2.4,9.9,-7.5,2019,REG,2,2019091510
120,M.Valdes-Scantling,Marquez Valdes-Scantling,GB,WR,6,2.7,9.9,23.75,3,5,60,19,0,3.5,8.6,-5.1,2019,REG,2,2019091503
121,D.Waller,Darren Waller,OAK,TE,5.9,4.7,4,12.54,6,7,85.71,63,0,9.4,8.1,1.3,2019,REG,2,2019091510
122,D.Walker,Delanie Walker,TEN,TE,5.8,2.8,10.6,40.65,4,6,66.67,39,0,2.1,2.3,-0.2,2019,REG,2,2019091508
123,C.Samuel,Curtis Samuel,CAR,WR,5.8,3.2,16.8,44.73,5,13,38.46,91,0,3.7,6,-2.2,2019,REG,2,2019091200
124,O.Beckham,Odell Beckham,CLE,WR,5.7,2.7,17.9,49.73,6,10,60,161,1,15.2,7.7,7.4,2019,REG,2,2019091600
125,N.Agholor,Nelson Agholor,PHI,WR,5.7,3.5,11.9,30.88,8,11,72.73,107,1,3.5,3.8,-0.3,2019,REG,2,2019091513
126,A.Brown,A.J. Brown,TEN,WR,5.7,3.7,6.3,20.3,3,5,60,25,0,1.8,2.1,-0.3,2019,REG,2,2019091508
127,W.Fuller,Will Fuller,HOU,WR,5.7,1.9,17.8,35.14,4,7,57.14,40,0,2.1,7.2,-5.1,2019,REG,2,2019091504
128,J.Landry,Jarvis Landry,CLE,WR,5.6,3.3,8.1,15.74,3,7,42.86,32,0,1.5,4.2,-2.7,2019,REG,2,2019091600
129,J.Crowder,Jamison Crowder,NYJ,WR,5.6,2.1,8.4,31.39,4,6,66.67,40,0,3.2,2.7,0.5,2019,REG,2,2019091600
130,A.Robinson,Allen Robinson,CHI,WR,5.5,3.1,13.9,49.15,4,7,57.14,41,0,1.7,4.8,-3.1,2019,REG,2,2019091511
131,M.Sanu,Mohamed Sanu,ATL,WR,5.5,3.4,4.9,8.54,4,7,57.14,16,0,3.7,6.5,-2.7,2019,REG,2,2019091513
132,E.Sanders,Emmanuel Sanders,DEN,WR,5.5,3.7,6.6,33.61,11,13,84.62,98,1,2.9,4.1,-1.1,2019,REG,2,2019091511
133,J.Brown,John Brown,BUF,WR,5.5,2.9,13.6,38.74,7,8,87.5,72,0,1.5,3.4,-1.9,2019,REG,2,2019091506
134,E.Engram,Evan Engram,NYG,TE,5.4,3.7,7.4,15.87,6,8,75,48,0,1.7,4.1,-2.4,2019,REG,2,2019091506
135,D.Samuel,Deebo Samuel,SF,WR,5.2,4.7,7.4,26.39,5,7,71.43,86,1,15.6,9.8,5.7,2019,REG,2,2019091501
136,C.Kupp,Cooper Kupp,LA,WR,5.1,2.7,7.3,33.45,5,9,55.56,120,0,15.6,7.2,8.5,2019,REG,2,2019091512
137,P.Williams,Preston Williams,MIA,WR,5.1,3.5,14.8,19.66,4,6,66.67,63,0,3.8,4.2,-0.3,2019,REG,2,2019091505
138,S.Watkins,Sammy Watkins,KC,WR,5,4.1,10.3,25.27,6,13,46.15,49,0,6.1,8.8,-2.8,2019,REG,2,2019091510
139,L.Fitzgerald,Larry Fitzgerald,ARI,WR,5,3.1,10.5,43.34,5,11,45.45,104,0,10.3,6.4,3.9,2019,REG,2,2019091500
140,K.Golladay,Kenny Golladay,DET,WR,4.7,2,14.6,50.44,8,10,80,117,1,1.6,1.5,0.2,2019,REG,2,2019091502
141,D.Adams,Davante Adams,GB,WR,4.6,3.4,13.3,57.42,7,9,77.78,106,0,3.8,7,-3.3,2019,REG,2,2019091503
142,C.Kirk,Christian Kirk,ARI,WR,4.6,3.5,6.7,20.21,6,8,75,114,0,11.9,9.9,2,2019,REG,2,2019091500
143,J.Grant,Jakeem Grant,MIA,WR,4.5,4,13,20.17,3,7,42.86,22,0,7.4,7.5,0,2019,REG,2,2019091505
144,J.Gordon,Josh Gordon,NE,WR,4.5,3.3,10.7,21.03,2,5,40,19,0,5.3,7.1,-1.9,2019,REG,2,2019091505
145,J.Cook,Jared Cook,NO,TE,4.4,2.3,9.8,28.11,2,7,28.57,25,0,4.3,0.8,3.5,2019,REG,2,2019091512
146,D.Robinson,Demarcus Robinson,KC,WR,4.4,1.8,24.4,27.65,6,6,100,172,2,3.9,4.2,-0.3,2019,REG,2,2019091510
147,S.Diggs,Stefon Diggs,MIN,WR,4.4,1.5,21.1,51.12,1,7,14.29,45,1,,,,2019,REG,2,2019091503
148,V.McDonald,Vance McDonald,PIT,TE,4.3,3.7,1.8,4.95,7,7,100,38,2,4.3,3.5,0.8,2019,REG,2,2019091507
149,W.Dissly,Will Dissly,SEA,TE,4.1,3.3,6.1,12.88,5,5,100,50,2,4,3.3,0.7,2019,REG,2,2019091507
150,R.Anderson,Robby Anderson,NYJ,WR,4.1,2,17.8,66.78,4,6,66.67,81,0,2.4,3.5,-1,2019,REG,2,2019091600
151,D.Byrd,Damiere Byrd,ARI,WR,4.1,2.9,4.6,12.13,6,7,85.71,45,0,3.1,5.4,-2.2,2019,REG,2,2019091500
152,T.McLaurin,Terry McLaurin,WAS,WR,4.1,1.2,16.6,62.17,5,9,55.56,62,1,3,2.9,0.1,2019,REG,2,2019091509
153,K.Allen,Keenan Allen,LAC,WR,4,1.7,14.2,59.02,8,15,53.33,98,0,1.6,3.5,-1.9,2019,REG,2,2019091502
154,D.Moore,D.J. Moore,CAR,WR,4,2.1,7.4,21.23,9,14,64.29,89,0,2.3,3.2,-0.9,2019,REG,2,2019091200
155,G.Olsen,Greg Olsen,CAR,TE,3.9,2.5,11.2,20.75,6,9,66.67,110,0,7,9.6,-2.5,2019,REG,2,2019091200
156,T.Kelce,Travis Kelce,KC,TE,3.4,2.7,12.7,21.61,7,9,77.78,107,1,3.9,4.8,-0.9,2019,REG,2,2019091510
157,D.Carrier,Derek Carrier,OAK,TE,3.3,3.1,9.7,21.59,3,5,60,33,0,5.4,5.1,0.3,2019,REG,2,2019091510
158,A.Brown,Antonio Brown,NE,WR,3.3,2.1,11.6,36.52,4,8,50,56,1,1.9,2.1,-0.2,2019,REG,2,2019091505
159,D.Hopkins,DeAndre Hopkins,HOU,WR,3.2,2.2,10.8,24.33,5,8,62.5,40,0,1.6,2,-0.4,2019,REG,2,2019091504
160,D.Metcalf,D.K. Metcalf,SEA,WR,3.2,2,16.4,48.57,3,7,42.86,61,1,4.5,3.2,1.3,2019,REG,2,2019091507
161,M.Williams,Mike Williams,LAC,WR,2.8,1,18.2,25.22,3,5,60,83,0,5,5.2,-0.2,2019,REG,2,2019091502
162,T.Williams,Tyrell Williams,OAK,WR,2,3.1,11.4,35.68,5,7,71.43,46,1,2.2,2.4,-0.2,2019,REG,2,2019091510
163,R.Shepard,Russell Shepard,NYG,WR,9.1,1.5,12.2,16.71,1,5,20,6,0,1.1,0.3,0.8,2019,REG,3,2019092209
164,R.Woods,Robert Woods,LA,WR,9.1,2,14,29.64,3,8,37.5,40,0,0.5,1,-0.4,2019,REG,3,2019092213
165,D.Metcalf,D.K. Metcalf,SEA,WR,9,2.8,21.8,23.78,2,6,33.33,67,0,6.2,5.4,0.8,2019,REG,3,2019092211
166,K.Stills,Kenny Stills,HOU,WR,8.8,3.5,17.3,35.1,4,6,66.67,89,0,6.2,9.5,-3.3,2019,REG,3,2019092210
167,D.Hopkins,DeAndre Hopkins,HOU,WR,8.7,3.1,5.8,13.69,6,7,85.71,67,0,6.3,5.1,1.2,2019,REG,3,2019092210
168,B.Cooks,Brandin Cooks,LA,WR,8.6,2.9,13.2,42.1,8,12,66.67,112,0,2.6,4.4,-1.8,2019,REG,3,2019092213
169,C.Samuel,Curtis Samuel,CAR,WR,8.5,2.8,9.6,29.36,5,7,71.43,53,1,0.1,0.4,-0.2,2019,REG,3,2019092208
170,A.Tate,Auden Tate,CIN,WR,8.5,3.9,7.7,27.8,6,10,60,88,0,5.9,4.8,1.2,2019,REG,3,2019092200
171,M.Andrews,Mark Andrews,BAL,TE,8.4,1.7,10.3,14.64,3,7,42.86,15,0,0.2,0.9,-0.7,2019,REG,3,2019092204
172,D.Pettis,Dante Pettis,SF,WR,8.4,2.4,5.2,10.23,4,5,80,20,1,1.3,4.6,-3.3,2019,REG,3,2019092212
173,D.Waller,Darren Waller,OAK,TE,8.3,4.5,6,46.28,13,14,92.86,134,0,5.2,5.3,-0.1,2019,REG,3,2019092205
174,W.Snead,Willie Snead,BAL,WR,8.3,3.9,10.3,10.47,3,5,60,47,0,6,4.5,1.5,2019,REG,3,2019092204
175,O.Beckham,Odell Beckham,CLE,WR,8.2,3.2,7.6,24.54,6,9,66.67,56,0,2.9,2.8,0.1,2019,REG,3,2019092213
176,J.Grant,Jakeem Grant,MIA,WR,7.9,2.9,8.7,16.66,4,7,57.14,27,0,1.4,1.9,-0.5,2019,REG,3,2019092201
177,P.Richardson,Paul Richardson,WAS,WR,7.9,3.3,8.4,30.71,8,9,88.89,83,1,2.9,3.3,-0.3,2019,REG,3,2019092300
178,J.Nelson,J.J. Nelson,OAK,WR,7.8,4.2,5,13.82,4,5,80,36,1,3.4,4.2,-0.9,2019,REG,3,2019092205
179,M.Jones,Marvin Jones,DET,WR,7.7,3.1,14.3,34.92,6,9,66.67,101,1,3.3,6,-2.7,2019,REG,3,2019092207
180,N.Boyle,Nick Boyle,BAL,TE,7.7,5.3,6.5,6.54,4,5,80,58,0,10.2,11,-0.9,2019,REG,3,2019092204
181,H.Hurst,Hayden Hurst,BAL,TE,7.6,2.6,16.3,16.5,2,5,40,14,0,3.2,2.4,0.9,2019,REG,3,2019092204
182,D.Walker,Delanie Walker,TEN,TE,7.6,3.4,7.5,16.49,7,9,77.78,64,0,3.4,3.7,-0.3,2019,REG,3,2019091900
183,E.Sanders,Emmanuel Sanders,DEN,WR,7.6,2,11.5,41.78,2,5,40,10,0,0.4,2.1,-1.7,2019,REG,3,2019092202
184,P.Dorsett,Phillip Dorsett,NE,WR,7.5,4.9,4.9,11.03,6,7,85.71,53,1,4.8,6.2,-1.3,2019,REG,3,2019092206
185,L.Fitzgerald,Larry Fitzgerald,ARI,WR,7.4,2.8,5.9,20.49,5,7,71.43,36,1,2.8,4.2,-1.4,2019,REG,3,2019092208
186,D.Amendola,Danny Amendola,DET,WR,7.4,3.8,8.5,11.53,4,5,80,37,0,5.8,7.9,-2.1,2019,REG,3,2019092207
187,J.Brown,Jaron Brown,SEA,WR,7.1,3.4,9,9.82,3,6,50,30,0,2.6,2.5,0.1,2019,REG,3,2019092211
188,A.Humphries,Adam Humphries,TEN,WR,7.1,3.1,10.4,22.78,6,9,66.67,93,0,3.2,5.2,-2,2019,REG,3,2019091900
189,C.Kirk,Christian Kirk,ARI,WR,7,3.8,4.6,27.33,10,12,83.33,59,0,4.3,4.2,0.2,2019,REG,3,2019092208
190,J.Landry,Jarvis Landry,CLE,WR,6.8,2.9,14.9,48.01,3,9,33.33,62,0,9.4,4.9,4.5,2019,REG,3,2019092213
191,M.Hardman,Mecole Hardman,KC,WR,6.8,3.3,15.5,25.28,2,5,40,97,1,36.1,15.7,20.4,2019,REG,3,2019092204
192,D.Parker,DeVante Parker,MIA,WR,6.8,3.3,19.8,32.34,3,6,50,56,0,5.2,5.1,0.1,2019,REG,3,2019092201
193,T.Hilton,T.Y. Hilton,IND,WR,6.7,2.7,6.5,29.79,8,10,80,65,1,2.8,3.5,-0.7,2019,REG,3,2019092203
194,K.Allen,Keenan Allen,LAC,WR,6.4,2.9,9.7,35.64,13,17,76.47,183,2,5.5,2.3,3.1,2019,REG,3,2019092210
195,T.McLaurin,Terry McLaurin,WAS,WR,6.4,2.8,11.5,37.64,6,8,75,70,1,1.2,1.9,-0.7,2019,REG,3,2019092300
196,C.Godwin,Chris Godwin,TB,WR,6.4,1.8,16.3,17.46,3,5,60,40,0,2.8,2.3,0.5,2019,REG,3,2019092209
197,T.Lockett,Tyler Lockett,SEA,WR,6.3,4,13.3,33.91,11,14,78.57,154,1,3,5,-2,2019,REG,3,2019092211
198,M.Valdes-Scantling,Marquez Valdes-Scantling,GB,WR,6.2,2.6,11.9,46.36,6,10,60,99,1,0.8,2.7,-1.8,2019,REG,3,2019092202
199,A.Hooper,Austin Hooper,ATL,TE,6.2,4,8.4,20.44,6,7,85.71,66,2,5.5,4,1.4,2019,REG,3,2019092203
200,J.Gordon,Josh Gordon,NE,WR,6.2,2.1,10.3,36.26,6,11,54.55,83,0,4.3,6.4,-2.1,2019,REG,3,2019092206
201,J.Washington,James Washington,PIT,WR,6.2,3.6,8.3,22.51,2,5,40,14,0,8.2,8.3,0,2019,REG,3,2019092212
202,Z.Ertz,Zach Ertz,PHI,TE,6.1,3.2,9,15.93,4,7,57.14,64,0,6.9,6.9,0,2019,REG,3,2019092207
203,T.Benjamin,Travis Benjamin,LAC,WR,6.1,1.5,13.7,14.76,2,5,40,5,0,-1.2,2,-3.2,2019,REG,3,2019092210
204,T.Ginn,Ted Ginn,NO,WR,6.1,2.1,6.8,37.99,2,5,40,15,0,-0.1,0.6,-0.7,2019,REG,3,2019092211
205,D.Ratley,Damion Ratley,CLE,WR,6.1,1.9,8.1,14.57,3,5,60,26,0,1.2,2.5,-1.3,2019,REG,3,2019092213
206,J.Smith-Schuster,JuJu Smith-Schuster,PIT,WR,5.9,1.4,7.3,27.73,3,7,42.86,81,1,24.5,5,19.4,2019,REG,3,2019092212
207,A.Brown,A.J. Brown,TEN,WR,5.9,1.5,13.7,16.76,1,5,20,4,0,-1.8,2.4,-4.2,2019,REG,3,2019091900
208,J.Akins,Jordan Akins,HOU,TE,5.9,5.4,10.8,18.32,3,5,60,73,2,15.2,7.6,7.6,2019,REG,3,2019092210
209,A.Cooper,Amari Cooper,DAL,WR,5.8,3.8,12.6,23.79,6,7,85.71,88,2,3.1,3.2,-0.1,2019,REG,3,2019092201
210,M.Hollins,Mack Hollins,PHI,WR,5.7,2.1,12.7,22.62,4,7,57.14,62,0,4.1,2.4,1.7,2019,REG,3,2019092207
211,D.Westbrook,Dede Westbrook,JAX,WR,5.7,3.7,6.4,28.9,5,9,55.56,46,0,5.6,7.8,-2.3,2019,REG,3,2019091900
212,N.Agholor,Nelson Agholor,PHI,WR,5.6,3.3,4.6,14.13,8,12,66.67,50,2,4.6,4.4,0.2,2019,REG,3,2019092207
213,W.Fuller,Will Fuller,HOU,WR,5.6,2.7,10,23.76,5,7,71.43,51,0,1.4,3.9,-2.5,2019,REG,3,2019092210
214,J.Edelman,Julian Edelman,NE,WR,5.4,2.9,8.9,28.51,7,10,70,62,1,2.8,2.9,-0.1,2019,REG,3,2019092206
215,A.Thielen,Adam Thielen,MIN,WR,5.4,2.1,12.7,59.58,3,5,60,55,1,5.9,4.7,1.1,2019,REG,3,2019092205
216,D.Fells,Darren Fells,HOU,TE,5.3,3.5,6,12.1,5,6,83.33,49,1,4.3,4.7,-0.4,2019,REG,3,2019092210
217,J.Brown,John Brown,BUF,WR,5.3,1.9,11.6,18.36,4,5,80,51,0,-0.2,0.6,-0.8,2019,REG,3,2019092200
218,D.Johnson,Diontae Johnson,PIT,WR,5.3,3.4,13.2,42.9,3,6,50,52,1,4.7,2.4,2.3,2019,REG,3,2019092212
219,C.Beasley,Cole Beasley,BUF,WR,5.3,2.7,3.9,12.4,8,10,80,48,0,2.6,4.3,-1.7,2019,REG,3,2019092200
220,S.Watkins,Sammy Watkins,KC,WR,5.3,2.1,10,26.13,5,8,62.5,64,0,4.3,7.6,-3.3,2019,REG,3,2019092204
221,D.Slayton,Darius Slayton,NYG,WR,5.2,2.3,19.6,26.8,3,5,60,82,0,5.4,3.9,1.5,2019,REG,3,2019092209
222,C.Kupp,Cooper Kupp,LA,WR,5.2,3.4,6.3,19.91,11,12,91.67,101,2,3.7,3.5,0.2,2019,REG,3,2019092213
223,W.Dissly,Will Dissly,SEA,TE,5,2.9,9.9,12.54,6,7,85.71,62,1,3.5,3.4,0.1,2019,REG,3,2019092211
224,R.Anderson,Robby Anderson,NYJ,WR,5,3.6,6.2,20.21,3,5,60,11,0,0.9,1.5,-0.6,2019,REG,3,2019092206
225,M.Williams,Mike Williams,LAC,WR,4.8,1.6,19.9,29.92,3,7,42.86,45,0,4.4,6.9,-2.5,2019,REG,3,2019092210
226,C.Sutton,Courtland Sutton,DEN,WR,4.8,4.1,11.6,58.97,5,7,71.43,87,0,6.5,5.7,0.8,2019,REG,3,2019092202
227,M.Evans,Mike Evans,TB,WR,4.8,2.1,16.5,53.09,8,15,53.33,190,3,4,3.3,0.7,2019,REG,3,2019092209
228,K.Golladay,Kenny Golladay,DET,WR,4.7,1.1,18.4,39.82,2,8,25,17,0,-0.5,0.1,-0.6,2019,REG,3,2019092207
229,G.Kittle,George Kittle,SF,TE,4.6,2.1,5.8,18.3,6,8,75,57,0,4.2,5.9,-1.7,2019,REG,3,2019092212
230,J.Ross,John Ross,CIN,WR,4.6,1.6,11.5,24.74,2,6,33.33,22,0,1.5,0.7,0.8,2019,REG,3,2019092200
231,T.Boyd,Tyler Boyd,CIN,WR,4.6,2.9,8.6,33.9,6,11,54.55,68,0,4.2,6.1,-1.9,2019,REG,3,2019092200
232,D.Chark,D.J. Chark,JAX,WR,4.5,1.9,15.1,37.92,4,5,80,76,1,1.6,2.4,-0.8,2019,REG,3,2019091900
233,J.Jones,Julio Jones,ATL,WR,4.5,2.5,14.9,46.39,8,9,88.89,128,1,3.5,4,-0.5,2019,REG,3,2019092203
234,P.Williams,Preston Williams,MIA,WR,4.4,1.9,12.9,42.16,4,12,33.33,68,0,1.5,2.9,-1.3,2019,REG,3,2019092201
235,T.Quinn,Trey Quinn,WAS,WR,4.4,2.7,4.6,13.01,5,7,71.43,30,0,3.1,3.8,-0.6,2019,REG,3,2019092300
236,B.Berrios,Braxton Berrios,NYJ,WR,4.3,1.7,8.4,32.92,2,6,33.33,29,0,9.4,2.2,7.2,2019,REG,3,2019092206
237,G.Olsen,Greg Olsen,CAR,TE,4.2,2.6,11.3,34.54,6,7,85.71,75,2,3.6,2.6,1,2019,REG,3,2019092208
238,J.Crowder,Jamison Crowder,NYJ,WR,4.2,1.6,14.5,47.49,2,5,40,25,0,-0.3,0.3,-0.7,2019,REG,3,2019092206
239,S.Shepard,Sterling Shepard,NYG,WR,4,3.3,12.8,31.54,7,9,77.78,100,1,5.9,4.4,1.5,2019,REG,3,2019092209
240,T.Gabriel,Taylor Gabriel,CHI,WR,3.9,3.5,10.5,45.07,6,7,85.71,75,3,2.8,2.7,0.1,2019,REG,3,2019092300
241,M.Brown,Marquise Brown,BAL,WR,3.7,1.7,23.5,42.93,2,9,22.22,49,0,4.7,5.1,-0.4,2019,REG,3,2019092204
242,T.Kelce,Travis Kelce,KC,TE,3.6,2.5,12.9,33.64,7,8,87.5,89,0,3.3,3.6,-0.2,2019,REG,3,2019092204
243,M.Sanu,Mohamed Sanu,ATL,WR,3.6,3.1,10,20.85,6,6,100,75,0,2.5,3.6,-1.1,2019,REG,3,2019092203
244,A.Robinson,Allen Robinson,CHI,WR,3.4,3.8,6.4,27.5,6,7,85.71,60,0,3.7,7.4,-3.6,2019,REG,3,2019092300
245,E.Engram,Evan Engram,NYG,TE,3.4,3.1,4.5,9.84,6,8,75,113,1,14,4.5,9.5,2019,REG,3,2019092209
246,M.Thomas,Michael Thomas,NO,WR,3.4,3.9,7.4,57.79,5,7,71.43,54,1,4.9,3.6,1.3,2019,REG,3,2019092211
247,D.Smith,Devin Smith,DAL,WR,2.2,1.5,25.5,34.33,2,5,40,39,0,6.9,0.3,6.6,2019,REG,3,2019092201
248,D.Chark,D.J. Chark,JAX,WR,9.8,2,13.7,30.02,4,8,50,44,0,2.9,2.1,0.8,2019,REG,4,2019092911
249,J.Wright,Jarius Wright,CAR,WR,9.3,4.6,7.2,17.06,5,6,83.33,59,0,3.7,5.4,-1.7,2019,REG,4,2019092904
250,T.Ginn,Ted Ginn,NO,WR,8.6,3,12.5,32.84,3,5,60,19,0,-0.1,2.2,-2.3,2019,REG,4,2019092912
251,M.Evans,Mike Evans,TB,WR,8.6,2.7,15.4,27.83,4,7,57.14,89,1,9.1,9.2,-0.1,2019,REG,4,2019092909
252,J.Wims,Javon Wims,CHI,WR,8.5,2.4,11.7,30.57,4,5,80,56,0,1.8,3.9,-2.1,2019,REG,4,2019092910
253,E.Ebron,Eric Ebron,IND,TE,8.3,2.3,16.4,16.22,1,5,20,48,1,22.4,4.1,18.3,2019,REG,4,2019092905
254,J.Cook,Jared Cook,NO,TE,8.3,2.6,5.6,17.6,3,6,50,21,0,0.6,2.4,-1.7,2019,REG,4,2019092912
255,S.Roberts,Seth Roberts,BAL,WR,8.2,3.2,7.6,13.55,4,5,80,36,0,2,2.7,-0.7,2019,REG,4,2019092901
256,C.Samuel,Curtis Samuel,CAR,WR,8.1,1.2,21.7,60.48,3,7,42.86,32,0,-0.5,1.7,-2.2,2019,REG,4,2019092904
257,J.Landry,Jarvis Landry,CLE,WR,8,3.5,5.9,26.65,8,10,80,167,0,15.6,6.5,9.1,2019,REG,4,2019092901
258,T.Higbee,Tyler Higbee,LA,TE,7.9,2.9,6.8,9.08,4,7,57.14,41,0,3.8,3.1,0.6,2019,REG,4,2019092909
259,P.Richardson,Paul Richardson,WAS,WR,7.9,3.2,6.8,15.34,3,5,60,14,0,3.3,5.6,-2.2,2019,REG,4,2019092907
260,C.Ridley,Calvin Ridley,ATL,WR,7.9,2.9,14.9,21.91,3,6,50,32,0,0.3,4.2,-3.9,2019,REG,4,2019092900
261,M.Brown,Marquise Brown,BAL,WR,7.7,2.7,7.1,17.78,4,7,57.14,22,0,1.8,2.8,-0.9,2019,REG,4,2019092901
262,J.Edelman,Julian Edelman,NE,WR,7.7,3.1,8,20.37,4,7,57.14,30,0,3,4.3,-1.3,2019,REG,4,2019092902
263,R.Woods,Robert Woods,LA,WR,7.5,3.7,7,20.12,13,15,86.67,164,0,5.6,5.6,0,2019,REG,4,2019092909
264,D.Westbrook,Dede Westbrook,JAX,WR,7.3,3,8.2,13.49,5,6,83.33,66,0,6.6,3.6,3,2019,REG,4,2019092911
265,L.Fitzgerald,Larry Fitzgerald,ARI,WR,7.3,5.4,1.8,6.64,5,5,100,47,0,7.6,5.8,1.8,2019,REG,4,2019092908
266,B.Cooks,Brandin Cooks,LA,WR,7.2,3.4,11.7,20.22,6,9,66.67,71,0,3.7,4.1,-0.4,2019,REG,4,2019092909
267,Z.Ertz,Zach Ertz,PHI,TE,7.1,2.7,7.5,31.21,7,8,87.5,65,0,2.4,4.9,-2.5,2019,REG,4,2019092600
268,E.Engram,Evan Engram,NYG,TE,7.1,2,4.8,20.66,4,7,57.14,54,0,10.1,5.1,5,2019,REG,4,2019092907
269,C.Godwin,Chris Godwin,TB,WR,7,2.7,7.9,28.75,12,14,85.71,172,2,6.8,5.9,1,2019,REG,4,2019092909
270,M.Andrews,Mark Andrews,BAL,TE,6.9,3.1,12.5,35.55,4,8,50,31,1,2,2.2,-0.2,2019,REG,4,2019092901
271,C.Davis,Corey Davis,TEN,WR,6.9,3.5,11.4,51.34,5,6,83.33,91,1,7.1,1.5,5.6,2019,REG,4,2019092900
272,S.Diggs,Stefon Diggs,MIN,WR,6.9,2.7,10.2,38.92,7,7,100,108,0,5.2,3.5,1.7,2019,REG,4,2019092910
273,P.Campbell,Parris Campbell,IND,WR,6.8,3,14.5,22.91,5,8,62.5,25,0,5,8.7,-3.7,2019,REG,4,2019092905
274,C.Kupp,Cooper Kupp,LA,WR,6.6,2.2,10,28.65,9,15,60,121,1,5.7,3,2.7,2019,REG,4,2019092909
275,A.Cooper,Amari Cooper,DAL,WR,6.5,1.5,13.8,42.16,5,8,62.5,48,0,0.5,0.6,-0.1,2019,REG,4,2019092912
276,W.Fuller,Will Fuller,HOU,WR,6.4,2,14.6,32.78,3,6,50,23,0,2.8,1.5,1.2,2019,REG,4,2019092904
277,D.Hopkins,DeAndre Hopkins,HOU,WR,6.4,2.8,13.3,39.89,5,8,62.5,41,0,1.8,2.3,-0.5,2019,REG,4,2019092904
278,A.Robinson,Allen Robinson,CHI,WR,6.3,2.4,9.3,34.03,7,7,100,77,0,1.7,2.1,-0.4,2019,REG,4,2019092910
279,S.Shepard,Sterling Shepard,NYG,WR,6.1,2.8,8.9,49.55,7,9,77.78,76,0,4.5,9.1,-4.7,2019,REG,4,2019092907
280,D.Hamilton,DaeSean Hamilton,DEN,WR,6,4.5,7,11.8,3,5,60,57,0,10.2,7.8,2.4,2019,REG,4,2019092911
281,D.Johnson,Diontae Johnson,PIT,WR,6,4.8,6.1,47.44,6,6,100,77,1,6.7,6.6,0.1,2019,REG,4,2019093000
282,J.Doyle,Jack Doyle,IND,TE,5.9,2.5,8.7,13.8,4,8,50,22,1,2.2,3.9,-1.6,2019,REG,4,2019092905
283,J.Graham,Jimmy Graham,GB,TE,5.8,1.8,6.5,15.28,6,9,66.67,61,1,3.5,3,0.5,2019,REG,4,2019092600
284,A.Thielen,Adam Thielen,MIN,WR,5.8,1.9,12.7,41.42,2,6,33.33,6,0,0.6,5,-4.4,2019,REG,4,2019092910
285,M.Jones,Marvin Jones,DET,WR,5.7,1.3,17.5,25.02,3,5,60,77,0,2.8,4.7,-1.9,2019,REG,4,2019092903
286,J.Ross,John Ross,CIN,WR,5.7,1.6,11,30.76,3,6,50,36,0,3,3,-0.1,2019,REG,4,2019093000
287,G.Everett,Gerald Everett,LA,TE,5.6,3.1,8.8,13.43,5,8,62.5,44,1,4.6,5.4,-0.8,2019,REG,4,2019092909
288,W.Dissly,Will Dissly,SEA,TE,5.6,3.6,7.6,27.18,7,8,87.5,57,1,2,3,-0.9,2019,REG,4,2019092908
289,R.Cobb,Randall Cobb,DAL,WR,5.3,2.4,9.5,21.64,3,6,50,41,0,4.1,6.1,-2,2019,REG,4,2019092912
290,M.Hardman,Mecole Hardman,KC,WR,5.3,3.4,15,15.69,2,5,40,9,0,1.8,2.5,-0.7,2019,REG,4,2019092903
291,Z.Pascal,Zach Pascal,IND,WR,5.3,2.2,13.3,18.41,4,7,57.14,72,0,5.1,1.9,3.2,2019,REG,4,2019092905
292,D.Adams,Davante Adams,GB,WR,5.2,3.3,10.2,40.26,10,15,66.67,180,0,10.3,5.6,4.7,2019,REG,4,2019092600
293,P.Dorsett,Phillip Dorsett,NE,WR,5.2,1.9,15.7,51.49,2,9,22.22,10,0,-0.2,1.7,-1.9,2019,REG,4,2019092902
294,T.Kelce,Travis Kelce,KC,TE,5.1,3.6,10.5,17.58,7,8,87.5,85,0,4,7,-3,2019,REG,4,2019092903
295,C.Sutton,Courtland Sutton,DEN,WR,5.1,2.7,8.7,26.27,6,9,66.67,62,2,3.5,3.4,0.1,2019,REG,4,2019092911
296,A.Jeffery,Alshon Jeffery,PHI,WR,5,1.8,10.6,49.71,3,9,33.33,38,1,5.3,2.8,2.5,2019,REG,4,2019092600
297,J.Gordon,Josh Gordon,NE,WR,5,2.3,5.1,13.02,3,7,42.86,46,0,14.9,9.3,5.6,2019,REG,4,2019092902
298,A.Hooper,Austin Hooper,ATL,TE,5,4.8,8.4,22.59,9,11,81.82,130,0,6.2,5.4,0.9,2019,REG,4,2019092900
299,C.Kirk,Christian Kirk,ARI,WR,4.9,2.7,9.9,36.34,4,5,80,37,0,1.1,1.5,-0.5,2019,REG,4,2019092908
300,K.Golladay,Kenny Golladay,DET,WR,4.9,1.3,14.5,37.31,5,9,55.56,67,2,3,3.5,-0.5,2019,REG,4,2019092903
301,D.Waller,Darren Waller,OAK,TE,4.8,3.8,2.5,11.7,7,8,87.5,53,0,4.8,7.5,-2.7,2019,REG,4,2019092905
302,K.Allen,Keenan Allen,LAC,WR,4.7,4.4,4,8.96,5,5,100,48,0,5.6,7.4,-1.8,2019,REG,4,2019092906
303,T.Boyd,Tyler Boyd,CIN,WR,4.7,2.5,7.9,22.13,3,6,50,33,0,3.8,4.5,-0.7,2019,REG,4,2019093000
304,A.Tate,Auden Tate,CIN,WR,4.6,2.4,9.8,27.44,4,6,66.67,50,0,3.8,3.7,0.1,2019,REG,4,2019093000
305,P.Williams,Preston Williams,MIA,WR,4.5,2.8,13.3,61.97,4,7,57.14,46,0,2.4,1.3,1.1,2019,REG,4,2019092906
306,C.Beasley,Cole Beasley,BUF,WR,4.5,3.5,9.2,25.05,7,13,53.85,75,0,6.2,8.3,-2.1,2019,REG,4,2019092902
307,D.Moore,D.J. Moore,CAR,WR,4.5,3.2,8.9,17.63,3,5,60,44,0,7.8,4.8,3,2019,REG,4,2019092904
308,J.Jones,Julio Jones,ATL,WR,4.3,2.1,14.6,25.13,4,7,57.14,52,0,1.2,4,-2.8,2019,REG,4,2019092900
309,M.Thomas,Michael Thomas,NO,WR,4.3,2.6,7.4,34.73,9,9,100,95,0,3.2,3.6,-0.4,2019,REG,4,2019092912
310,M.Sanu,Mohamed Sanu,ATL,WR,4.2,3.3,8.7,25.53,9,12,75,91,0,4,4.4,-0.4,2019,REG,4,2019092900
311,S.Watkins,Sammy Watkins,KC,WR,4.1,2,13.4,16.82,3,6,50,54,0,4.9,3.6,1.3,2019,REG,4,2019092903
312,J.Brown,John Brown,BUF,WR,4.1,2.2,15.4,35.53,5,11,45.45,69,0,4.6,5.5,-0.9,2019,REG,4,2019092902
313,T.Williams,Tyrell Williams,OAK,WR,4.1,2.5,15.6,64.29,3,7,42.86,36,1,1.1,3.8,-2.6,2019,REG,4,2019092905
314,E.Sanders,Emmanuel Sanders,DEN,WR,4,2.5,16.7,50.65,5,9,55.56,104,0,8.8,5.9,2.9,2019,REG,4,2019092911
315,D.Inman,Dontrelle Inman,LAC,WR,3.9,1.9,13,40.6,5,7,71.43,76,0,1.4,3.1,-1.6,2019,REG,4,2019092906
316,Z.Jones,Zay Jones,BUF,WR,3.6,2.3,14.5,24.36,2,8,25,4,0,1.3,1,0.3,2019,REG,4,2019092902
317,C.Rogers,Chester Rogers,IND,WR,3.5,2.4,11.2,13.31,3,6,50,48,1,3.6,5.3,-1.7,2019,REG,4,2019092905
318,O.Beckham,Odell Beckham,CLE,WR,3.2,1.9,10,31.78,2,7,28.57,20,0,3.7,5.7,-2,2019,REG,4,2019092901
319,M.Valdes-Scantling,Marquez Valdes-Scantling,GB,WR,3,2.2,12.8,23.65,3,7,42.86,47,0,7.2,7,0.2,2019,REG,4,2019092600
320,T.Eifert,Tyler Eifert,CIN,TE,2.9,1.4,11,25.56,2,5,40,27,0,3.1,8,-4.8,2019,REG,4,2019093000
321,D.Robinson,Demarcus Robinson,KC,WR,2.6,2.6,18.8,35.46,4,9,44.44,35,0,3.5,4.2,-0.7,2019,REG,4,2019092903
322,H.Renfrow,Hunter Renfrow,OAK,WR,10.9,3.4,3.1,16,1,5,20,12,0,12.7,9.7,3,2019,REG,5,2019100605
323,C.Ridley,Calvin Ridley,ATL,WR,8.2,4.4,15.7,40.41,5,9,55.56,88,1,1.5,2.6,-1.1,2019,REG,5,2019100602
324,M.Andrews,Mark Andrews,BAL,TE,8,3.5,5.4,18.47,5,7,71.43,45,0,4.7,7.3,-2.6,2019,REG,5,2019100607
325,D.Chark,D.J. Chark,JAX,WR,7.5,3,15.7,45.17,8,11,72.73,164,2,6.7,5.3,1.5,2019,REG,5,2019100600
326,J.Washington,James Washington,PIT,WR,7.5,3.5,9.8,23.69,3,6,50,52,0,5.4,2.8,2.6,2019,REG,5,2019100607
327,W.Fuller,Will Fuller,HOU,WR,7.4,4,8.5,49.05,14,16,87.5,217,3,8.4,6.1,2.3,2019,REG,5,2019100602
328,D.Westbrook,Dede Westbrook,JAX,WR,7.3,3.5,8,22.86,7,11,63.64,82,0,6.9,5.3,1.6,2019,REG,5,2019100600
329,E.Engram,Evan Engram,NYG,TE,7.3,2.4,7.3,22.21,6,11,54.55,42,0,5.1,7,-2,2019,REG,5,2019100604
330,D.Thomas,Demaryius Thomas,NYJ,WR,7.2,2.6,10.3,70.44,4,9,44.44,47,0,6.7,4.2,2.6,2019,REG,5,2019100606
331,A.Jeffery,Alshon Jeffery,PHI,WR,7.2,3.4,3,12.24,6,8,75,52,0,6.5,6.3,0.2,2019,REG,5,2019100606
332,C.Kupp,Cooper Kupp,LA,WR,7.1,3.3,7.7,32.21,9,17,52.94,117,1,5.5,6.6,-1.1,2019,REG,5,2019100300
333,A.Hooper,Austin Hooper,ATL,TE,6.9,3.9,6.9,17.71,6,9,66.67,56,0,4.6,4.5,0.1,2019,REG,5,2019100602
334,C.Sutton,Courtland Sutton,DEN,WR,6.9,2.2,9.4,57.96,4,7,57.14,92,1,13.3,2.3,11,2019,REG,5,2019100610
335,R.Woods,Robert Woods,LA,WR,6.9,3.1,6.7,14.89,5,9,55.56,48,0,4.8,5.3,-0.6,2019,REG,5,2019100300
336,J.Landry,Jarvis Landry,CLE,WR,6.7,2.9,12.1,27.09,4,6,66.67,75,0,3.3,2.1,1.2,2019,REG,5,2019100700
337,A.Robinson,Allen Robinson,CHI,WR,6.6,1.6,13.1,58.2,7,9,77.78,97,2,1.3,2.2,-0.9,2019,REG,5,2019100605
338,M.Sanu,Mohamed Sanu,ATL,WR,6.4,4.1,3.5,5.06,5,5,100,42,1,4.9,3.8,1.1,2019,REG,5,2019100602
339,D.Johnson,Diontae Johnson,PIT,WR,6,2.6,9.5,30.74,5,8,62.5,27,0,0,6,-6,2019,REG,5,2019100607
340,C.Godwin,Chris Godwin,TB,WR,6,2.1,15.1,59.46,7,9,77.78,125,2,5.1,3.7,1.4,2019,REG,5,2019100603
341,D.Waller,Darren Waller,OAK,TE,5.9,2.6,5,25.24,4,5,80,39,0,5,3.7,1.3,2019,REG,5,2019100605
342,J.Jones,Julio Jones,ATL,WR,5.8,1.1,13.6,27.26,3,7,42.86,42,0,2.1,2.9,-0.8,2019,REG,5,2019100602
343,O.Beckham,Odell Beckham,CLE,WR,5.8,4.2,13.6,30.47,2,6,33.33,27,0,4.1,5.9,-1.8,2019,REG,5,2019100700
344,A.Miller,Anthony Miller,CHI,WR,5.7,4.1,10.7,36.81,4,7,57.14,52,0,5.1,5.4,-0.3,2019,REG,5,2019100605
345,A.Humphries,Adam Humphries,TEN,WR,5.6,2.9,3.1,17.84,4,6,66.67,30,0,5.1,6.1,-1,2019,REG,5,2019100608
346,J.Brown,John Brown,BUF,WR,5.6,3.6,11.8,48.49,5,5,100,75,0,3.2,1.6,1.6,2019,REG,5,2019100608
347,T.McLaurin,Terry McLaurin,WAS,WR,5.6,1.8,17.3,71.12,3,7,42.86,51,0,2.5,3.3,-0.8,2019,REG,5,2019100609
348,K.Allen,Keenan Allen,LAC,WR,5.5,2.2,8.4,23.72,4,6,66.67,18,0,-1.3,1.9,-3.2,2019,REG,5,2019100610
349,D.Slayton,Darius Slayton,NYG,WR,5.5,2,19.7,27.1,4,5,80,62,1,-0.5,0.9,-1.3,2019,REG,5,2019100604
350,G.Allison,Geronimo Allison,GB,WR,5.4,2,7.1,23.03,2,6,33.33,28,0,9.1,8.3,0.8,2019,REG,5,2019100611
351,J.Edelman,Julian Edelman,NE,WR,5.4,4,9.7,27.14,8,9,88.89,110,1,4.9,4.1,0.8,2019,REG,5,2019100609
352,G.Tate,Golden Tate,NYG,WR,5.3,3,3.5,5.72,3,6,50,13,0,4.5,5.6,-1.1,2019,REG,5,2019100604
353,A.Tate,Auden Tate,CIN,WR,5.2,1.2,10.2,24.48,3,6,50,26,1,-0.5,0.2,-0.7,2019,REG,5,2019100601
354,L.Fitzgerald,Larry Fitzgerald,ARI,WR,5.2,2.2,9.1,25.61,6,8,75,58,0,4.1,6.1,-2,2019,REG,5,2019100601
355,A.Thielen,Adam Thielen,MIN,WR,5.1,2.9,12.4,63.35,7,8,87.5,130,2,7.2,6.2,1,2019,REG,5,2019100604
356,R.Cobb,Randall Cobb,DAL,WR,5.1,2.6,11.8,14.76,3,6,50,53,0,4.1,3.7,0.4,2019,REG,5,2019100611
357,J.Cook,Jared Cook,NO,TE,5.1,2.1,8,18.47,4,6,66.67,41,1,3.5,4.3,-0.9,2019,REG,5,2019100603
358,W.Snead,Willie Snead,BAL,WR,5,3.2,8.7,21.1,4,5,80,51,0,5.5,2.9,2.5,2019,REG,5,2019100607
359,M.Williams,Mike Williams,LAC,WR,5,1.8,11.3,69.16,6,13,46.15,74,0,1.8,3.7,-1.8,2019,REG,5,2019100610
360,S.Shepard,Sterling Shepard,NYG,WR,4.9,4.2,15.6,38.75,5,9,55.56,49,0,4.2,4.5,-0.3,2019,REG,5,2019100604
361,A.Cooper,Amari Cooper,DAL,WR,4.8,3.3,14.1,40.91,11,14,78.57,226,1,6.4,6.8,-0.4,2019,REG,5,2019100611
362,D.Knox,Dawson Knox,BUF,TE,4.8,2.5,5.3,21.58,2,5,40,12,0,3,3.7,-0.7,2019,REG,5,2019100608
363,C.Samuel,Curtis Samuel,CAR,WR,4.7,2.8,8.7,28.77,3,6,50,19,0,5.8,6.1,-0.4,2019,REG,5,2019100600
364,J.Smith-Schuster,JuJu Smith-Schuster,PIT,WR,4.7,3.6,7.2,20.17,7,7,100,75,1,3.5,5.2,-1.7,2019,REG,5,2019100607
365,D.Hopkins,DeAndre Hopkins,HOU,WR,4.6,2.1,7.4,21.35,7,8,87.5,88,0,5.5,3.1,2.3,2019,REG,5,2019100602
366,T.Boyd,Tyler Boyd,CIN,WR,4.6,2.9,8.4,46.71,10,14,71.43,123,1,5.5,5.6,-0.1,2019,REG,5,2019100601
367,G.Everett,Gerald Everett,LA,TE,4.4,3.2,9.4,25.4,7,11,63.64,136,0,10.2,8.7,1.5,2019,REG,5,2019100300
368,J.Gordon,Josh Gordon,NE,WR,4.3,2.6,12.7,31.66,5,8,62.5,59,0,5,4.7,0.3,2019,REG,5,2019100609
369,G.Kittle,George Kittle,SF,TE,4.3,2.7,8.1,34.35,6,8,75,70,1,5.1,3.7,1.5,2019,REG,5,2019100700
370,M.Brown,Marquise Brown,BAL,WR,4.3,2.9,7.7,18.68,3,5,60,22,1,1.6,3.4,-1.8,2019,REG,5,2019100607
371,Z.Ertz,Zach Ertz,PHI,TE,4.1,2.3,10.2,36.83,5,7,71.43,57,1,0.9,1.6,-0.6,2019,REG,5,2019100606
372,D.Robinson,Demarcus Robinson,KC,WR,4.1,1.9,13.6,19.6,3,6,50,31,0,1.4,2.9,-1.5,2019,REG,5,2019100612
373,M.Gallup,Michael Gallup,DAL,WR,4,1.6,10.7,31.2,7,14,50,113,1,4.2,1.4,2.8,2019,REG,5,2019100611
374,M.Hardman,Mecole Hardman,KC,WR,3.9,4,11.5,16.5,4,6,66.67,79,0,2.9,3.1,-0.1,2019,REG,5,2019100612
375,B.Pringle,Byron Pringle,KC,WR,3.9,4.5,13.7,26.33,6,8,75,103,1,4.7,3.2,1.5,2019,REG,5,2019100612
376,M.Thomas,Michael Thomas,NO,WR,3.7,2.2,11,55.11,11,13,84.62,182,2,5.3,5.4,-0.1,2019,REG,5,2019100603
377,D.Moore,D.J. Moore,CAR,WR,3.7,2.4,10.4,45.6,6,8,75,91,0,3.7,3,0.7,2019,REG,5,2019100600
378,K.Johnson,KeeSean Johnson,ARI,WR,3.2,2.7,6.3,15.39,3,7,42.86,22,0,5.5,4.5,1,2019,REG,5,2019100601
379,T.Kelce,Travis Kelce,KC,TE,2.4,2,12.9,30.9,4,10,40,70,0,5,4.7,0.2,2019,REG,5,2019100612
380,A.Wilson,Albert Wilson,MIA,WR,10,4.8,-0.4,-1.12,5,6,83.33,15,0,3.6,6.2,-2.6,2019,REG,6,2019101305
381,T.Austin,Tavon Austin,DAL,WR,9.6,2.8,8.5,16.24,5,6,83.33,64,0,4.2,1.7,2.5,2019,REG,6,2019101310
382,C.Wilson,Ced Wilson,DAL,WR,8.3,3,8.7,16.76,5,6,83.33,46,0,2.7,3.6,-1,2019,REG,6,2019101310
383,C.Davis,Corey Davis,TEN,WR,8.3,4.1,12.9,21.65,3,5,60,36,0,2,2,0,2019,REG,6,2019101309
384,M.Gallup,Michael Gallup,DAL,WR,8.2,1.9,10.7,24.03,4,7,57.14,48,0,2.6,1.6,0.9,2019,REG,6,2019101310
385,A.Thielen,Adam Thielen,MIN,WR,7.7,4.4,9.6,21.26,6,8,75,57,1,4.5,4.9,-0.4,2019,REG,6,2019101306
386,S.Miller,Scott Miller,TB,WR,7.7,2.1,20.1,22.33,3,7,42.86,39,0,1,2.5,-1.5,2019,REG,6,2019101300
387,A.Humphries,Adam Humphries,TEN,WR,7.7,2.9,6.8,13.6,6,6,100,47,0,1.1,2.9,-1.8,2019,REG,6,2019101309
388,C.Godwin,Chris Godwin,TB,WR,7.5,2.9,10.6,20.13,10,12,83.33,151,0,5.3,3.5,1.7,2019,REG,6,2019101300
389,G.Everett,Gerald Everett,LA,TE,7.4,2.9,8.2,27.98,2,5,40,9,0,4,3.2,0.8,2019,REG,6,2019101308
390,D.Goedert,Dallas Goedert,PHI,TE,7.2,3,5,9.55,5,7,71.43,48,0,7.8,8.3,-0.4,2019,REG,6,2019101306
391,M.Evans,Mike Evans,TB,WR,7.1,1.8,14.8,39.98,9,17,52.94,96,0,2.1,2,0.1,2019,REG,6,2019101300
392,C.Ridley,Calvin Ridley,ATL,WR,7.1,2.9,10.8,22.24,4,6,66.67,48,1,3.5,1.5,2,2019,REG,6,2019101307
393,T.Boyd,Tyler Boyd,CIN,WR,7,2.6,8,20.24,3,7,42.86,10,0,0.8,0.6,0.2,2019,REG,6,2019101301
394,D.Hopkins,DeAndre Hopkins,HOU,WR,6.8,2.7,6.2,21.67,9,12,75,55,0,3.7,3.5,0.1,2019,REG,6,2019101304
395,J.Crowder,Jamison Crowder,NYJ,WR,6.8,3.1,9.4,32.94,6,9,66.67,98,0,7.1,7.4,-0.3,2019,REG,6,2019101310
396,J.Edelman,Julian Edelman,NE,WR,6.7,3.5,9.8,60.7,9,15,60,113,0,4,6.5,-2.5,2019,REG,6,2019101000
397,L.Fitzgerald,Larry Fitzgerald,ARI,WR,6.7,2.7,10.6,35.16,6,8,75,69,0,1.2,2.1,-0.9,2019,REG,6,2019101307
398,M.Thomas,Michael Thomas,NO,WR,6.7,3.5,4.3,26.24,8,12,66.67,89,0,5.9,3.5,2.4,2019,REG,6,2019101303
399,A.Erickson,Alex Erickson,CIN,WR,6.6,2.6,13.1,28.57,4,6,66.67,47,0,2,3.1,-1,2019,REG,6,2019101301
400,A.Lazard,Allen Lazard,GB,WR,6.6,2.8,14.3,19.45,4,5,80,65,1,2.6,1.6,1,2019,REG,6,2019101400
401,K.Johnson,KeeSean Johnson,ARI,WR,6.5,2.6,9.1,18.8,2,5,40,14,0,6.4,6.6,-0.3,2019,REG,6,2019101307
402,G.Kittle,George Kittle,SF,TE,6.5,3.8,4.4,26.73,8,8,100,103,0,8.5,6.1,2.3,2019,REG,6,2019101308
403,D.Fells,Darren Fells,HOU,TE,6.4,3.5,4.1,8.5,6,7,85.71,69,0,7.6,6.9,0.7,2019,REG,6,2019101304
404,N.Agholor,Nelson Agholor,PHI,WR,6.3,4.8,15.6,29.68,4,7,57.14,42,0,7.4,11,-3.6,2019,REG,6,2019101306
405,W.Snead,Willie Snead,BAL,WR,6.3,5.4,8.2,19.22,3,5,60,18,0,3.4,3.3,0.1,2019,REG,6,2019101301
406,P.Williams,Preston Williams,MIA,WR,6.3,1.4,16.3,44.55,2,6,33.33,31,0,2.4,1.1,1.4,2019,REG,6,2019101305
407,C.Kupp,Cooper Kupp,LA,WR,6.2,2.4,3.4,13.95,4,6,66.67,17,0,2.1,4.5,-2.4,2019,REG,6,2019101308
408,D.Walker,Delanie Walker,TEN,TE,6.1,3.7,10.1,20.36,3,6,50,43,0,3.9,4.6,-0.8,2019,REG,6,2019101309
409,K.Allen,Keenan Allen,LAC,WR,6,2,14,17.28,2,6,33.33,33,0,0.2,2.4,-2.3,2019,REG,6,2019101311
410,M.Williams,Mike Williams,LAC,WR,6,2.4,18.1,37.09,5,10,50,72,0,4.9,3.1,1.7,2019,REG,6,2019101311
411,D.Moore,D.J. Moore,CAR,WR,5.8,1.8,9.4,34.02,7,10,70,73,0,2.8,2.1,0.6,2019,REG,6,2019101300
412,Z.Ertz,Zach Ertz,PHI,TE,5.8,3.2,10.5,25.59,4,9,44.44,54,0,1,4.6,-3.6,2019,REG,6,2019101306
413,J.Graham,Jimmy Graham,GB,TE,5.7,2.7,10.4,14.24,2,5,40,17,0,4,3.8,0.2,2019,REG,6,2019101400
414,A.Jeffery,Alshon Jeffery,PHI,WR,5.6,3.4,4.8,15.55,10,12,83.33,76,1,3.6,5.2,-1.6,2019,REG,6,2019101306
415,W.Fuller,Will Fuller,HOU,WR,5.6,4.3,16.5,43.48,5,9,55.56,44,0,7.4,8.4,-0.9,2019,REG,6,2019101304
416,G.Olsen,Greg Olsen,CAR,TE,5.6,2.6,7.8,19.71,4,7,57.14,52,0,5.7,4.3,1.4,2019,REG,6,2019101300
417,J.Landry,Jarvis Landry,CLE,WR,5.5,2.1,11.5,20.34,3,5,60,36,0,2.2,3.9,-1.7,2019,REG,6,2019101302
418,S.Diggs,Stefon Diggs,MIN,WR,5.5,2.9,21.4,65.25,7,11,63.64,167,3,6.3,4.7,1.6,2019,REG,6,2019101306
419,C.Samuel,Curtis Samuel,CAR,WR,5.4,2.3,18.8,40.76,4,6,66.67,70,1,4,3.3,0.8,2019,REG,6,2019101300
420,K.Golladay,Kenny Golladay,DET,WR,5.4,2.7,14.2,39.82,5,9,55.56,121,0,10.5,8.8,1.7,2019,REG,6,2019101400
421,J.Witten,Jason Witten,DAL,TE,5.4,2.8,11.5,25.83,5,7,71.43,57,0,1.9,1.4,0.5,2019,REG,6,2019101310
422,T.Hill,Tyreek Hill,KC,WR,5.4,2.8,17,48.52,5,10,50,80,2,1.5,1.6,0,2019,REG,6,2019101304
423,R.Anderson,Robby Anderson,NYJ,WR,5.3,2,15.1,47.03,5,8,62.5,125,1,12.6,5.5,7.2,2019,REG,6,2019101310
424,D.Samuel,Deebo Samuel,SF,WR,5.2,3,3.5,13.52,3,5,60,18,0,3.9,3.9,0.1,2019,REG,6,2019101308
425,A.Tate,Auden Tate,CIN,WR,5.1,1.3,11.7,46.57,5,11,45.45,91,0,2.4,2.1,0.3,2019,REG,6,2019101301
426,D.Westbrook,Dede Westbrook,JAX,WR,5.1,2.6,8.1,30.3,3,8,37.5,53,0,9.3,8.3,1,2019,REG,6,2019101303
427,J.Brown,Jaron Brown,SEA,WR,5.1,2.2,9.5,15.96,3,5,60,29,2,-0.1,0.1,-0.2,2019,REG,6,2019101302
428,G.Allison,Geronimo Allison,GB,WR,5.1,2.1,14.3,27.37,3,7,42.86,40,0,2.9,2.8,0,2019,REG,6,2019101400
429,H.Henry,Hunter Henry,LAC,TE,5,2.2,12.3,22.74,8,9,88.89,100,2,1.8,3.4,-1.7,2019,REG,6,2019101311
430,M.Jones,Marvin Jones,DET,WR,5,1,15.8,24.59,2,5,40,17,0,2.7,0.6,2,2019,REG,6,2019101400
431,T.Lockett,Tyler Lockett,SEA,WR,4.9,4.2,13.3,22.26,5,5,100,75,0,1.7,3.5,-1.8,2019,REG,6,2019101302
432,O.Beckham,Odell Beckham,CLE,WR,4.7,2.4,9.9,38.68,6,11,54.55,101,0,4.7,4.1,0.5,2019,REG,6,2019101302
433,K.Coutee,Keke Coutee,HOU,WR,4.7,4.6,8.8,15.44,4,6,66.67,39,0,7.5,8.3,-0.8,2019,REG,6,2019101304
434,M.Andrews,Mark Andrews,BAL,TE,4.6,4.3,9,33.87,6,8,75,99,0,7.5,7.4,0.2,2019,REG,6,2019101301
435,T.Hockenson,T.J. Hockenson,DET,TE,4.6,1.4,4.6,8.68,4,6,66.67,21,0,1.4,2.7,-1.3,2019,REG,6,2019101400
436,T.Kelce,Travis Kelce,KC,TE,4.5,3.5,5.3,9.14,4,6,66.67,58,0,8,2.5,5.4,2019,REG,6,2019101304
437,D.Pettis,Dante Pettis,SF,WR,4.5,1.9,8.8,40.18,3,6,50,45,0,6.5,2.4,4.1,2019,REG,6,2019101308
438,A.Hooper,Austin Hooper,ATL,TE,4.4,4.7,10.2,27.93,8,8,100,117,1,4.4,4.6,-0.2,2019,REG,6,2019101307
439,R.Ellison,Rhett Ellison,NYG,TE,4.4,2.1,6.7,17.59,3,7,42.86,30,0,2.2,2.4,-0.2,2019,REG,6,2019101000
440,C.Sutton,Courtland Sutton,DEN,WR,4.3,2.8,15.9,64.14,4,8,50,76,0,3.2,3.8,-0.6,2019,REG,6,2019101309
441,J.Jones,Julio Jones,ATL,WR,4.2,3.3,10.8,33.44,8,9,88.89,108,0,2,2.6,-0.6,2019,REG,6,2019101307
442,T.Ginn,Ted Ginn,NO,WR,4.1,1.9,19.8,60.86,2,6,33.33,36,0,3,4.9,-1.9,2019,REG,6,2019101303
443,D.Metcalf,D.K. Metcalf,SEA,WR,3.8,1.7,8.2,13.73,4,5,80,69,0,9.3,4.1,5.2,2019,REG,6,2019101302
444,D.Chark,D.J. Chark,JAX,WR,3.8,4.1,12.8,41.86,3,7,42.86,43,0,7.7,6,1.7,2019,REG,6,2019101303
445,M.Gesicki,Mike Gesicki,MIA,TE,3.5,3,10.4,33.36,3,7,42.86,51,0,9.8,7.2,2.6,2019,REG,6,2019101305
446,G.Tate,Golden Tate,NYG,WR,3.5,1.1,10.1,34.18,6,9,66.67,102,1,9.6,7.3,2.3,2019,REG,6,2019101000
447,R.Seals-Jones,Ricky Seals-Jones,CLE,TE,3.4,2.4,11.2,23.88,3,6,50,47,1,5.2,5,0.2,2019,REG,6,2019101302
448,T.McLaurin,Terry McLaurin,WAS,WR,3.1,2.2,18.1,59.74,4,7,57.14,100,2,3.8,5.5,-1.8,2019,REG,6,2019101305
449,D.Slayton,Darius Slayton,NYG,WR,2.9,1.7,16.5,49.55,3,8,37.5,32,0,4.2,3.4,0.8,2019,REG,6,2019101000
450,D.Robinson,Demarcus Robinson,KC,WR,7.9,4.2,5.1,16.65,3,5,60,31,0,8.3,7.3,1,2019,REG,7,2019101700
451,N.Fant,Noah Fant,DEN,TE,6.5,1.7,17.5,28.47,1,5,20,7,0,7.4,11.5,-4.1,2019,REG,7,2019101700
452,T.Kelce,Travis Kelce,KC,TE,6.4,2.5,6,31.24,6,8,75,44,0,2.2,2.2,0,2019,REG,7,2019101700
453,T.Hill,Tyreek Hill,KC,WR,5.7,1.9,15,49.07,3,5,60,74,1,13.5,5.2,8.3,2019,REG,7,2019101700
454,C.Sutton,Courtland Sutton,DEN,WR,5.4,3.1,14,36.43,6,8,75,87,0,2.4,2.5,0,2019,REG,7,2019101700
455,E.Sanders,Emmanuel Sanders,DEN,WR,4.4,2.9,12.4,24.37,5,6,83.33,60,0,2.4,3.2,-0.8,2019,REG,7,2019101700
456,D.Hamilton,DaeSean Hamilton,DEN,WR,3.1,1.6,5.1,8.36,2,5,40,4,0,1.1,3.3,-2.2,2019,REG,7,2019101700
